PromptType,Incorrect,Total,MisclassRate
2,12085,129792,0.09311051528599605
5,12001,129304,0.09281228732289798
6,5249,130114,0.040341546643712436
3,4405,129625,0.033982642237222756
1,4360,130412,0.03343250621108487
4,3624,130489,0.027772455915824324
